[
    {
        "blog_id":1,
        "title":"React js",
        "catagory":"JavaScript",
        "date_post":"Dec 6, 2022",
        "desc":"React (also known as React.js or ReactJS) is a free and open-source front-end JavaScript library for building user interfaces based on UI components. It is maintained by Meta (formerly Facebook) and a community of individual developers and companies. React can be used as a base in the development",
        "blog_image":"Images/Product01.webp"
    },
    {
        "blog_id":2,
        "title":"React js",
        "catagory":"JavaScript",
        "date_post":"Dec 6, 2022",
        "desc":"React (also known as React.js or ReactJS) is a free and open-source front-end JavaScript library for building user interfaces based on UI components. It is maintained by Meta (formerly Facebook) and a community of individual developers and companies. React can be used as a base in the development",
        "blog_image":"Images/Product01.webp"
    },
    {
        "blog_id":3,
        "title":"React js",
        "catagory":"JavaScript",
        "date_post":"Dec 6, 2022",
        "desc":"React (also known as React.js or ReactJS) is a free and open-source front-end JavaScript library for building user interfaces based on UI components. It is maintained by Meta (formerly Facebook) and a community of individual developers and companies. React can be used as a base in the development",
        "blog_image":"Images/Product01.webp"
    },
    {
        "blog_id":4,
        "title":"React js",
        "catagory":"JavaScript",
        "date_post":"Dec 6, 2022",
        "desc":"React (also known as React.js or ReactJS) is a free and open-source front-end JavaScript library for building user interfaces based on UI components. It is maintained by Meta (formerly Facebook) and a community of individual developers and companies. React can be used as a base in the development",
        "blog_image":"Images/Product01.webp"
    },
    {
        "blog_id":5,
        "title":"React js",
        "catagory":"JavaScript",
        "date_post":"Dec 6, 2022",
        "desc":"React (also known as React.js or ReactJS) is a free and open-source front-end JavaScript library for building user interfaces based on UI components. It is maintained by Meta (formerly Facebook) and a community of individual developers and companies. React can be used as a base in the development",
        "blog_image":"Images/Product01.webp"
    },
    {
        "blog_id":6,
        "title":"React js",
        "catagory":"JavaScript",
        "date_post":"Dec 6, 2022",
        "desc":"React (also known as React.js or ReactJS) is a free and open-source front-end JavaScript library for building user interfaces based on UI components. It is maintained by Meta (formerly Facebook) and a community of individual developers and companies. React can be used as a base in the development",
        "blog_image":"Images/Product01.webp"
    },
    {
        "blog_id":7,
        "title":"React js",
        "catagory":"JavaScript",
        "date_post":"Dec 6, 2022",
        "desc":"React (also known as React.js or ReactJS) is a free and open-source front-end JavaScript library for building user interfaces based on UI components. It is maintained by Meta (formerly Facebook) and a community of individual developers and companies. React can be used as a base in the development",
        "blog_image":"Images/Product01.webp"
    }
]