[
    {
        "product_id":1,
        "product_name":"pooja mam",
        "product_img":"../../Images/product01.webp",
        "product_category":"cloth",
        "product_price":24
    },
    {
        "product_id":2,
        "product_name":"tannu mam",
        "product_img":"../Images/product02.webp",
        "product_category":"baryan",
        "product_price":24
    },
    {
        "product_id":3,
        "product_name":"Deepak sir",
        "product_img":"../Images/product03.webp",
        "product_category":"hat",
        "product_price":24
    },
    {
        "product_id":4,
        "product_name":"abc",
        "product_img":"../Images/product04.webp",
        "product_category":"ghadi",
        "product_price":24
    },
    {
        "product_id":5,
        "product_name":"abc",
        "product_img":"../Images/product05.webp",
        "product_category":"pokemon",
        "product_price":24
    },
    {
        "product_id":6,
        "product_name":"abc",
        "product_img":"../Images/product06.webp",
        "product_category":"apple",
        "product_price":24
    },
    {
        "product_id":7,
        "product_name":"abc",
        "product_img":"../Images/product07.webp",
        "product_category":"mango",
        "product_price":24
    },
    {
        "product_id":8,
        "product_name":"abc",
        "product_img":"../Images/product08.webp",
        "product_category":"akash sir",
        "product_price":24
    },
    {
        "product_id":9,
        "product_name":"abc",
        "product_img":"../Images/product09.webp",
        "product_category":"deepak sir",
        "product_price":24
    },
    {
        "product_id":10,
        "product_name":"abc",
        "product_img":"../Images/product10.webp",
        "product_category":"ashu sir",
        "product_price":24
    },
    {
        "product_id":11,
        "product_name":"shubham sir",
        "product_img":"../Images/product11.webp",
        "product_category":"shubham sir",
        "product_price":24
    },
    {
        "product_id":12,
        "product_name":"deepak sir",
        "product_img":"../Images/product12.webp",
        "product_category":"cde",
        "product_price":24
    },
    {
        "product_id":13,
        "product_name":"abhilash sir",
        "product_img":"../Images/product12.webp",
        "product_category":"abhilash sir",
        "product_price":24
    }
]